{
    "worker": "A3MHKFOJIXO7QN",
    "solutions": [
        {
            "level_name": "config_B3_C8_P3_D2_97",
            "freeze_probe_index": 13,
            "plan": [
                {
                    "idx": 0,
                    "action": "move_to_station ContainerGreenTriangle stat1"
                },
                {
                    "idx": 1,
                    "action": "unlock_component ContainerGreenTriangle GreenSmallTriangle"
                },
                {
                    "idx": 2,
                    "action": "unlock_component ContainerGreenTriangle GreenSmallTriangle"
                },
                {
                    "idx": 3,
                    "action": "place_component GreenSmallTriangle 2 1"
                },
                {
                    "idx": 4,
                    "action": "place_component GreenSmallTriangle 3 1"
                },
                {
                    "idx": 5,
                    "action": "move_from_station ContainerGreenTriangle Middle"
                },
                {
                    "idx": 6,
                    "action": "move_to_station ContainerRedCircle stat1"
                },
                {
                    "idx": 7,
                    "action": "unlock_component ContainerRedCircle RedSmallCircle"
                },
                {
                    "idx": 8,
                    "action": "place_component RedSmallCircle 1 1"
                },
                {
                    "idx": 9,
                    "action": "move_from_station ContainerRedCircle Final"
                },
                {
                    "idx": 10,
                    "action": "move_to_station ContainerBlueSquare stat1"
                },
                {
                    "idx": 11,
                    "action": "unlock_component ContainerBlueSquare BlueSmallSquare"
                },
                {
                    "idx": 12,
                    "action": "place_component BlueSmallSquare 1 2"
                },
                {
                    "idx": 13,
                    "action": "move_from_station ContainerBlueSquare Initial"
                },
                {
                    "idx": 14,
                    "action": "move_to_station ContainerRedCircle stat1"
                },
                {
                    "idx": 15,
                    "action": "unlock_component ContainerRedCircle RedSmallCircle"
                },
                {
                    "idx": 16,
                    "action": "unlock_component ContainerRedCircle RedSmallCircle"
                },
                {
                    "idx": 17,
                    "action": "place_component RedSmallCircle 2 2"
                },
                {
                    "idx": 18,
                    "action": "place_component RedSmallCircle 3 2"
                },
                {
                    "idx": 19,
                    "action": "move_from_station ContainerRedCircle Final"
                },
                {
                    "idx": 20,
                    "action": "move_to_station ContainerBlueSquare stat1"
                },
                {
                    "idx": 21,
                    "action": "unlock_component ContainerBlueSquare BlueSmallSquare"
                },
                {
                    "idx": 22,
                    "action": "place_component BlueSmallSquare 2 3"
                },
                {
                    "idx": 23,
                    "action": "move_from_station ContainerBlueSquare Initial"
                },
                {
                    "idx": 24,
                    "action": "move_to_station ContainerGreenTriangle stat1"
                },
                {
                    "idx": 25,
                    "action": "unlock_component ContainerGreenTriangle GreenSmallTriangle"
                },
                {
                    "idx": 26,
                    "action": "place_component GreenSmallTriangle 1 3"
                },
                {
                    "idx": 27,
                    "action": "move_from_station ContainerGreenTriangle ContainerBlueSquare"
                },
                {
                    "idx": 28,
                    "action": "error_action"
                },
                {
                    "idx": 29,
                    "action": "movebox ContainerRedCircle ContainerGreenTriangle"
                },
                {
                    "idx": 30,
                    "action": "redundant_action"
                }
            ]
        },
        {
            "level_name": "config_B4_C12_P3_D2_69",
            "freeze_probe_index": null,
            "plan": [
                {
                    "idx": 0,
                    "action": "move_to_station ContainerYellowCircle stat1"
                },
                {
                    "idx": 1,
                    "action": "unlock_component ContainerYellowCircle YellowSmallCircle"
                },
                {
                    "idx": 2,
                    "action": "place_component YellowSmallCircle 1 1"
                },
                {
                    "idx": 3,
                    "action": "unlock_component ContainerYellowCircle YellowSmallCircle"
                },
                {
                    "idx": 4,
                    "action": "unlock_component ContainerYellowCircle YellowSmallCircle"
                },
                {
                    "idx": 5,
                    "action": "place_component YellowSmallCircle 2 1"
                },
                {
                    "idx": 6,
                    "action": "place_component YellowSmallCircle 3 1"
                },
                {
                    "idx": 7,
                    "action": "grid_to_grid 2 1 3 2"
                },
                {
                    "idx": 8,
                    "action": "move_from_station ContainerYellowCircle Middle"
                },
                {
                    "idx": 9,
                    "action": "move_to_station ContainerRedCircle stat1"
                },
                {
                    "idx": 10,
                    "action": "unlock_component ContainerRedCircle RedSmallCircle"
                },
                {
                    "idx": 11,
                    "action": "unlock_component ContainerRedCircle RedSmallCircle"
                },
                {
                    "idx": 12,
                    "action": "place_component RedSmallCircle 2 1"
                },
                {
                    "idx": 13,
                    "action": "place_component RedSmallCircle 2 2"
                },
                {
                    "idx": 14,
                    "action": "unlock_component ContainerRedCircle RedSmallCircle"
                },
                {
                    "idx": 15,
                    "action": "place_component RedSmallCircle 1 2"
                },
                {
                    "idx": 16,
                    "action": "move_from_station ContainerRedCircle Final"
                },
                {
                    "idx": 17,
                    "action": "move_to_station ContainerBlueSquare stat1"
                },
                {
                    "idx": 18,
                    "action": "unlock_component ContainerBlueSquare BlueSmallSquare"
                },
                {
                    "idx": 19,
                    "action": "unlock_component ContainerBlueSquare BlueSmallSquare"
                },
                {
                    "idx": 20,
                    "action": "place_component BlueSmallSquare 1 3"
                },
                {
                    "idx": 21,
                    "action": "place_component BlueSmallSquare 1 4"
                },
                {
                    "idx": 22,
                    "action": "grid_to_grid 2 2 3 3"
                },
                {
                    "idx": 23,
                    "action": "grid_to_grid 2 1 3 4"
                },
                {
                    "idx": 24,
                    "action": "grid_to_grid 1 4 2 1"
                },
                {
                    "idx": 25,
                    "action": "grid_to_grid 3 4 2 2"
                },
                {
                    "idx": 26,
                    "action": "grid_to_grid 3 3 2 3"
                },
                {
                    "idx": 27,
                    "action": "grid_to_grid 3 2 2 4"
                },
                {
                    "idx": 28,
                    "action": "grid_to_grid 3 1 1 4"
                },
                {
                    "idx": 29,
                    "action": "error_action"
                },
                {
                    "idx": 30,
                    "action": "grid_to_display YellowSmallCircle 1 4"
                },
                {
                    "idx": 31,
                    "action": "grid_to_grid 1 3 3 1"
                },
                {
                    "idx": 32,
                    "action": "grid_to_grid 2 4 1 3"
                },
                {
                    "idx": 33,
                    "action": "grid_to_grid 2 3 3 2"
                },
                {
                    "idx": 34,
                    "action": "unlock_component ContainerBlueSquare BlueSmallSquare"
                },
                {
                    "idx": 35,
                    "action": "grid_to_grid 1 3 3 3"
                },
                {
                    "idx": 36,
                    "action": "grid_to_grid 1 2 2 3"
                },
                {
                    "idx": 37,
                    "action": "place_component BlueSmallSquare 1 2"
                },
                {
                    "idx": 38,
                    "action": "move_from_station ContainerBlueSquare ContainerYellowCircle"
                },
                {
                    "idx": 39,
                    "action": "move_to_station ContainerGreenTriangle stat1"
                },
                {
                    "idx": 40,
                    "action": "grid_to_grid 2 3 1 3"
                },
                {
                    "idx": 41,
                    "action": "grid_to_grid 2 2 3 4"
                },
                {
                    "idx": 42,
                    "action": "unlock_component ContainerGreenTriangle GreenSmallTriangle"
                },
                {
                    "idx": 43,
                    "action": "place_component GreenSmallTriangle 2 2"
                },
                {
                    "idx": 44,
                    "action": "unlock_component ContainerGreenTriangle GreenSmallTriangle"
                },
                {
                    "idx": 45,
                    "action": "place_component GreenSmallTriangle 2 3"
                },
                {
                    "idx": 46,
                    "action": "grid_to_grid 1 3 2 4"
                },
                {
                    "idx": 47,
                    "action": "unlock_component ContainerGreenTriangle GreenSmallTriangle"
                },
                {
                    "idx": 48,
                    "action": "place_component GreenSmallTriangle 1 3"
                },
                {
                    "idx": 49,
                    "action": "grid_to_grid 2 4 1 4"
                },
                {
                    "idx": 50,
                    "action": "place_component YellowSmallCircle 2 4"
                },
                {
                    "idx": 51,
                    "action": "move_from_station ContainerGreenTriangle Initial"
                },
                {
                    "idx": 52,
                    "action": "movebox ContainerBlueSquare ContainerGreenTriangle"
                },
                {
                    "idx": 53,
                    "action": "error_action"
                },
                {
                    "idx": 54,
                    "action": "error_action"
                },
                {
                    "idx": 55,
                    "action": "movebox ContainerYellowCircle ContainerBlueSquare"
                },
                {
                    "idx": 56,
                    "action": "movebox ContainerRedCircle ContainerYellowCircle"
                },
                {
                    "idx": 57,
                    "action": "redundant_action"
                }
            ]
        },
        {
            "level_name": "config_B4_C12_P2_D1_46",
            "freeze_probe_index": 39,
            "plan": [
                {
                    "idx": 0,
                    "action": "move_to_station ContainerYellowCircle stat1"
                },
                {
                    "idx": 1,
                    "action": "unlock_component ContainerYellowCircle YellowSmallCircle"
                },
                {
                    "idx": 2,
                    "action": "place_component YellowSmallCircle 3 1"
                },
                {
                    "idx": 3,
                    "action": "unlock_component ContainerYellowCircle YellowSmallCircle"
                },
                {
                    "idx": 4,
                    "action": "place_component YellowSmallCircle 1 1"
                },
                {
                    "idx": 5,
                    "action": "unlock_component ContainerYellowCircle YellowSmallCircle"
                },
                {
                    "idx": 6,
                    "action": "place_component YellowSmallCircle 2 1"
                },
                {
                    "idx": 7,
                    "action": "move_from_station ContainerYellowCircle Middle"
                },
                {
                    "idx": 8,
                    "action": "move_to_station ContainerRedCircle stat1"
                },
                {
                    "idx": 9,
                    "action": "unlock_component ContainerRedCircle RedSmallCircle"
                },
                {
                    "idx": 10,
                    "action": "grid_to_grid 3 1 2 2"
                },
                {
                    "idx": 11,
                    "action": "place_component RedSmallCircle 3 1"
                },
                {
                    "idx": 12,
                    "action": "grid_to_grid 2 2 3 2"
                },
                {
                    "idx": 13,
                    "action": "grid_to_grid 2 1 1 2"
                },
                {
                    "idx": 14,
                    "action": "error_action"
                },
                {
                    "idx": 15,
                    "action": "grid_to_grid 3 2 1 3"
                },
                {
                    "idx": 16,
                    "action": "grid_to_grid 3 1 2 1"
                },
                {
                    "idx": 17,
                    "action": "unlock_component ContainerRedCircle RedSmallCircle"
                },
                {
                    "idx": 18,
                    "action": "place_component RedSmallCircle 2 2"
                },
                {
                    "idx": 19,
                    "action": "unlock_component ContainerRedCircle RedSmallCircle"
                },
                {
                    "idx": 20,
                    "action": "place_component RedSmallCircle 2 3"
                },
                {
                    "idx": 21,
                    "action": "move_from_station ContainerRedCircle ContainerYellowCircle"
                },
                {
                    "idx": 22,
                    "action": "move_to_station ContainerBlueSquare stat1"
                },
                {
                    "idx": 23,
                    "action": "unlock_component ContainerBlueSquare BlueSmallSquare"
                },
                {
                    "idx": 24,
                    "action": "place_component BlueSmallSquare 3 1"
                },
                {
                    "idx": 25,
                    "action": "grid_to_grid 1 3 2 4"
                },
                {
                    "idx": 26,
                    "action": "grid_to_grid 1 2 3 2"
                },
                {
                    "idx": 27,
                    "action": "grid_to_grid 1 1 3 3"
                },
                {
                    "idx": 28,
                    "action": "grid_to_display YellowSmallCircle 3 3"
                },
                {
                    "idx": 29,
                    "action": "grid_to_grid 3 2 1 1"
                },
                {
                    "idx": 30,
                    "action": "grid_to_grid 3 1 1 2"
                },
                {
                    "idx": 31,
                    "action": "grid_to_grid 2 4 3 1"
                },
                {
                    "idx": 32,
                    "action": "grid_to_grid 1 2 2 4"
                },
                {
                    "idx": 33,
                    "action": "grid_to_grid 1 1 3 2"
                },
                {
                    "idx": 34,
                    "action": "grid_to_grid 2 4 1 1"
                },
                {
                    "idx": 35,
                    "action": "grid_to_grid 3 2 1 2"
                },
                {
                    "idx": 36,
                    "action": "place_component YellowSmallCircle 1 3"
                },
                {
                    "idx": 37,
                    "action": "unlock_component ContainerBlueSquare BlueSmallSquare"
                },
                {
                    "idx": 38,
                    "action": "place_component BlueSmallSquare 1 4"
                },
                {
                    "idx": 39,
                    "action": "grid_to_grid 2 3 3 2"
                },
                {
                    "idx": 40,
                    "action": "unlock_component ContainerBlueSquare BlueSmallSquare"
                },
                {
                    "idx": 41,
                    "action": "place_component BlueSmallSquare 2 3"
                },
                {
                    "idx": 42,
                    "action": "move_from_station ContainerBlueSquare ContainerRedCircle"
                },
                {
                    "idx": 43,
                    "action": "move_to_station ContainerGreenTriangle stat1"
                },
                {
                    "idx": 44,
                    "action": "grid_to_grid 3 2 2 4"
                },
                {
                    "idx": 45,
                    "action": "grid_to_display RedSmallCircle 2 4"
                },
                {
                    "idx": 46,
                    "action": "move_from_station ContainerGreenTriangle Initial"
                },
                {
                    "idx": 47,
                    "action": "movebox ContainerBlueSquare ContainerGreenTriangle"
                },
                {
                    "idx": 48,
                    "action": "move_to_station ContainerRedCircle stat1"
                },
                {
                    "idx": 49,
                    "action": "return_component RedSmallCircle ContainerRedCircle"
                },
                {
                    "idx": 50,
                    "action": "move_from_station ContainerRedCircle ContainerYellowCircle"
                },
                {
                    "idx": 51,
                    "action": "movebox ContainerBlueSquare ContainerRedCircle"
                },
                {
                    "idx": 52,
                    "action": "move_to_station ContainerGreenTriangle stat1"
                },
                {
                    "idx": 53,
                    "action": "unlock_component ContainerGreenTriangle GreenSmallTriangle"
                },
                {
                    "idx": 54,
                    "action": "grid_to_grid 3 1 2 4"
                },
                {
                    "idx": 55,
                    "action": "place_component GreenSmallTriangle 3 1"
                },
                {
                    "idx": 56,
                    "action": "grid_to_grid 2 4 3 2"
                },
                {
                    "idx": 57,
                    "action": "unlock_component ContainerGreenTriangle GreenSmallTriangle"
                },
                {
                    "idx": 58,
                    "action": "place_component GreenSmallTriangle 2 4"
                },
                {
                    "idx": 59,
                    "action": "move_from_station ContainerGreenTriangle Initial"
                },
                {
                    "idx": 60,
                    "action": "movebox ContainerBlueSquare ContainerGreenTriangle"
                },
                {
                    "idx": 61,
                    "action": "move_to_station ContainerRedCircle stat1"
                },
                {
                    "idx": 62,
                    "action": "unlock_component ContainerRedCircle RedSmallCircle"
                },
                {
                    "idx": 63,
                    "action": "place_component RedSmallCircle 3 3"
                },
                {
                    "idx": 64,
                    "action": "move_from_station ContainerRedCircle ContainerYellowCircle"
                },
                {
                    "idx": 65,
                    "action": "movebox ContainerBlueSquare ContainerRedCircle"
                },
                {
                    "idx": 66,
                    "action": "move_to_station ContainerGreenTriangle stat1"
                },
                {
                    "idx": 67,
                    "action": "unlock_component ContainerGreenTriangle GreenSmallTriangle"
                },
                {
                    "idx": 68,
                    "action": "place_component GreenSmallTriangle 3 4"
                },
                {
                    "idx": 69,
                    "action": "error_action"
                },
                {
                    "idx": 70,
                    "action": "movebox ContainerBlueSquare Initial"
                },
                {
                    "idx": 71,
                    "action": "move_from_station ContainerGreenTriangle ContainerBlueSquare"
                },
                {
                    "idx": 72,
                    "action": "movebox ContainerRedCircle ContainerGreenTriangle"
                },
                {
                    "idx": 73,
                    "action": "movebox ContainerYellowCircle ContainerRedCircle"
                },
                {
                    "idx": 74,
                    "action": "redundant_action"
                }
            ]
        },
        {
            "level_name": "config_B4_C12_P2_D1_29",
            "freeze_probe_index": null,
            "plan": [
                {
                    "idx": 0,
                    "action": "move_to_station ContainerRedCircle stat1"
                },
                {
                    "idx": 1,
                    "action": "unlock_component ContainerRedCircle RedSmallCircle"
                },
                {
                    "idx": 2,
                    "action": "place_component RedSmallCircle 1 1"
                },
                {
                    "idx": 3,
                    "action": "unlock_component ContainerRedCircle RedSmallCircle"
                },
                {
                    "idx": 4,
                    "action": "place_component RedSmallCircle 2 1"
                },
                {
                    "idx": 5,
                    "action": "grid_to_grid 1 1 3 1"
                },
                {
                    "idx": 6,
                    "action": "unlock_component ContainerRedCircle RedSmallCircle"
                },
                {
                    "idx": 7,
                    "action": "place_component RedSmallCircle 3 2"
                },
                {
                    "idx": 8,
                    "action": "move_from_station ContainerRedCircle Middle"
                },
                {
                    "idx": 9,
                    "action": "move_to_station ContainerYellowCircle stat1"
                },
                {
                    "idx": 10,
                    "action": "unlock_component ContainerYellowCircle YellowSmallCircle"
                },
                {
                    "idx": 11,
                    "action": "place_component YellowSmallCircle 1 1"
                },
                {
                    "idx": 12,
                    "action": "unlock_component ContainerYellowCircle YellowSmallCircle"
                },
                {
                    "idx": 13,
                    "action": "place_component YellowSmallCircle 2 2"
                },
                {
                    "idx": 14,
                    "action": "grid_to_grid 3 2 2 3"
                },
                {
                    "idx": 15,
                    "action": "unlock_component ContainerYellowCircle YellowSmallCircle"
                },
                {
                    "idx": 16,
                    "action": "place_component YellowSmallCircle 1 2"
                },
                {
                    "idx": 17,
                    "action": "move_from_station ContainerYellowCircle ContainerRedCircle"
                },
                {
                    "idx": 18,
                    "action": "move_to_station ContainerGreenTriangle stat1"
                },
                {
                    "idx": 19,
                    "action": "grid_to_grid 2 3 1 3"
                },
                {
                    "idx": 20,
                    "action": "unlock_component ContainerGreenTriangle GreenSmallTriangle"
                },
                {
                    "idx": 21,
                    "action": "place_component GreenSmallTriangle 2 3"
                },
                {
                    "idx": 22,
                    "action": "unlock_component ContainerGreenTriangle GreenSmallTriangle"
                },
                {
                    "idx": 23,
                    "action": "place_component GreenSmallTriangle 2 4"
                },
                {
                    "idx": 24,
                    "action": "unlock_component ContainerGreenTriangle GreenSmallTriangle"
                },
                {
                    "idx": 25,
                    "action": "place_component GreenSmallTriangle 3 2"
                },
                {
                    "idx": 26,
                    "action": "grid_to_grid 1 3 3 3"
                },
                {
                    "idx": 27,
                    "action": "grid_to_grid 1 2 3 4"
                },
                {
                    "idx": 28,
                    "action": "move_from_station ContainerGreenTriangle ContainerYellowCircle"
                },
                {
                    "idx": 29,
                    "action": "move_to_station ContainerBlueSquare stat1"
                },
                {
                    "idx": 30,
                    "action": "unlock_component ContainerBlueSquare BlueSmallSquare"
                },
                {
                    "idx": 31,
                    "action": "place_component BlueSmallSquare 1 2"
                },
                {
                    "idx": 32,
                    "action": "grid_to_display YellowSmallCircle 3 4"
                },
                {
                    "idx": 33,
                    "action": "grid_to_grid 3 3 1 3"
                },
                {
                    "idx": 34,
                    "action": "grid_to_grid 3 2 1 4"
                },
                {
                    "idx": 35,
                    "action": "place_component YellowSmallCircle 3 2"
                },
                {
                    "idx": 36,
                    "action": "unlock_component ContainerBlueSquare BlueSmallSquare"
                },
                {
                    "idx": 37,
                    "action": "grid_to_grid 2 4 3 3"
                },
                {
                    "idx": 38,
                    "action": "place_component BlueSmallSquare 2 4"
                },
                {
                    "idx": 39,
                    "action": "grid_to_display GreenSmallTriangle 3 3"
                },
                {
                    "idx": 40,
                    "action": "grid_to_grid 2 4 3 3"
                },
                {
                    "idx": 41,
                    "action": "place_component GreenSmallTriangle 2 4"
                },
                {
                    "idx": 42,
                    "action": "grid_to_display BlueSmallSquare 3 3"
                },
                {
                    "idx": 43,
                    "action": "return_component BlueSmallSquare ContainerBlueSquare"
                },
                {
                    "idx": 44,
                    "action": "grid_to_display YellowSmallCircle 3 2"
                },
                {
                    "idx": 45,
                    "action": "move_from_station ContainerBlueSquare Initial"
                },
                {
                    "idx": 46,
                    "action": "movebox ContainerGreenTriangle ContainerBlueSquare"
                },
                {
                    "idx": 47,
                    "action": "move_to_station ContainerYellowCircle stat1"
                },
                {
                    "idx": 48,
                    "action": "return_component YellowSmallCircle ContainerYellowCircle"
                },
                {
                    "idx": 49,
                    "action": "move_from_station ContainerYellowCircle ContainerRedCircle"
                },
                {
                    "idx": 50,
                    "action": "movebox ContainerGreenTriangle ContainerYellowCircle"
                },
                {
                    "idx": 51,
                    "action": "move_to_station ContainerBlueSquare stat1"
                },
                {
                    "idx": 52,
                    "action": "unlock_component ContainerBlueSquare BlueSmallSquare"
                },
                {
                    "idx": 53,
                    "action": "place_component BlueSmallSquare 3 2"
                },
                {
                    "idx": 54,
                    "action": "unlock_component ContainerBlueSquare BlueSmallSquare"
                },
                {
                    "idx": 55,
                    "action": "place_component BlueSmallSquare 3 3"
                },
                {
                    "idx": 56,
                    "action": "move_from_station ContainerBlueSquare Initial"
                },
                {
                    "idx": 57,
                    "action": "movebox ContainerGreenTriangle ContainerBlueSquare"
                },
                {
                    "idx": 58,
                    "action": "move_to_station ContainerYellowCircle stat1"
                },
                {
                    "idx": 59,
                    "action": "unlock_component ContainerYellowCircle YellowSmallCircle"
                },
                {
                    "idx": 60,
                    "action": "place_component YellowSmallCircle 3 4"
                },
                {
                    "idx": 61,
                    "action": "grid_to_display GreenSmallTriangle 2 4"
                },
                {
                    "idx": 62,
                    "action": "grid_to_grid 3 4 2 4"
                },
                {
                    "idx": 63,
                    "action": "place_component GreenSmallTriangle 3 4"
                },
                {
                    "idx": 64,
                    "action": "grid_to_display YellowSmallCircle 2 4"
                },
                {
                    "idx": 65,
                    "action": "return_component YellowSmallCircle ContainerYellowCircle"
                },
                {
                    "idx": 66,
                    "action": "grid_to_grid 3 4 2 4"
                },
                {
                    "idx": 67,
                    "action": "grid_to_display BlueSmallSquare 3 3"
                },
                {
                    "idx": 68,
                    "action": "move_from_station ContainerYellowCircle ContainerRedCircle"
                },
                {
                    "idx": 69,
                    "action": "move_to_station ContainerGreenTriangle stat1"
                },
                {
                    "idx": 70,
                    "action": "move_from_station ContainerGreenTriangle ContainerYellowCircle"
                },
                {
                    "idx": 71,
                    "action": "move_to_station ContainerBlueSquare stat1"
                },
                {
                    "idx": 72,
                    "action": "return_component BlueSmallSquare ContainerBlueSquare"
                },
                {
                    "idx": 73,
                    "action": "move_from_station ContainerBlueSquare Initial"
                },
                {
                    "idx": 74,
                    "action": "movebox ContainerGreenTriangle ContainerBlueSquare"
                },
                {
                    "idx": 75,
                    "action": "move_to_station ContainerYellowCircle stat1"
                },
                {
                    "idx": 76,
                    "action": "unlock_component ContainerYellowCircle YellowSmallCircle"
                },
                {
                    "idx": 77,
                    "action": "place_component YellowSmallCircle 3 3"
                },
                {
                    "idx": 78,
                    "action": "move_from_station ContainerYellowCircle ContainerRedCircle"
                },
                {
                    "idx": 79,
                    "action": "movebox ContainerGreenTriangle ContainerYellowCircle"
                },
                {
                    "idx": 80,
                    "action": "move_to_station ContainerBlueSquare stat1"
                },
                {
                    "idx": 81,
                    "action": "unlock_component ContainerBlueSquare BlueSmallSquare"
                },
                {
                    "idx": 82,
                    "action": "place_component BlueSmallSquare 3 4"
                },
                {
                    "idx": 83,
                    "action": "movebox ContainerGreenTriangle Initial"
                },
                {
                    "idx": 84,
                    "action": "movebox ContainerYellowCircle ContainerGreenTriangle"
                },
                {
                    "idx": 85,
                    "action": "movebox ContainerRedCircle ContainerYellowCircle"
                },
                {
                    "idx": 86,
                    "action": "move_from_station ContainerBlueSquare ContainerRedCircle"
                },
                {
                    "idx": 87,
                    "action": "redundant_action"
                }
            ]
        },
        {
            "level_name": "config_B5_C14_P3_D2_17",
            "freeze_probe_index": null,
            "plan": [
                {
                    "idx": 0,
                    "action": "move_to_station ContainerGreenTriangle stat1"
                },
                {
                    "idx": 1,
                    "action": "unlock_component ContainerGreenTriangle GreenSmallTriangle"
                },
                {
                    "idx": 2,
                    "action": "unlock_component ContainerGreenTriangle GreenSmallTriangle"
                },
                {
                    "idx": 3,
                    "action": "place_component GreenSmallTriangle 3 1"
                },
                {
                    "idx": 4,
                    "action": "place_component GreenSmallTriangle 3 2"
                },
                {
                    "idx": 5,
                    "action": "unlock_component ContainerGreenTriangle GreenSmallTriangle"
                },
                {
                    "idx": 6,
                    "action": "place_component GreenSmallTriangle 3 3"
                },
                {
                    "idx": 7,
                    "action": "move_from_station ContainerGreenTriangle Middle"
                },
                {
                    "idx": 8,
                    "action": "move_to_station ContainerRedTriangle stat1"
                },
                {
                    "idx": 9,
                    "action": "unlock_component ContainerRedTriangle RedSmallTriangle"
                },
                {
                    "idx": 10,
                    "action": "place_component RedSmallTriangle 2 1"
                },
                {
                    "idx": 11,
                    "action": "unlock_component ContainerRedTriangle RedSmallTriangle"
                },
                {
                    "idx": 12,
                    "action": "move_from_station ContainerRedTriangle ContainerGreenTriangle"
                },
                {
                    "idx": 13,
                    "action": "place_component RedSmallTriangle 4 1"
                },
                {
                    "idx": 14,
                    "action": "move_to_station ContainerYellowCircle stat1"
                },
                {
                    "idx": 15,
                    "action": "unlock_component ContainerYellowCircle YellowSmallCircle"
                },
                {
                    "idx": 16,
                    "action": "place_component YellowSmallCircle 1 1"
                },
                {
                    "idx": 17,
                    "action": "unlock_component ContainerYellowCircle YellowSmallCircle"
                },
                {
                    "idx": 18,
                    "action": "unlock_component ContainerYellowCircle YellowSmallCircle"
                },
                {
                    "idx": 19,
                    "action": "place_component YellowSmallCircle 4 2"
                },
                {
                    "idx": 20,
                    "action": "place_component YellowSmallCircle 4 3"
                },
                {
                    "idx": 21,
                    "action": "move_from_station ContainerYellowCircle ContainerRedTriangle"
                },
                {
                    "idx": 22,
                    "action": "move_to_station ContainerBlueSquare stat1"
                },
                {
                    "idx": 23,
                    "action": "unlock_component ContainerBlueSquare BlueSmallSquare"
                },
                {
                    "idx": 24,
                    "action": "unlock_component ContainerBlueSquare BlueSmallSquare"
                },
                {
                    "idx": 25,
                    "action": "place_component BlueSmallSquare 1 2"
                },
                {
                    "idx": 26,
                    "action": "place_component BlueSmallSquare 2 2"
                },
                {
                    "idx": 27,
                    "action": "grid_to_display YellowSmallCircle 4 3"
                },
                {
                    "idx": 28,
                    "action": "grid_to_display YellowSmallCircle 4 2"
                },
                {
                    "idx": 29,
                    "action": "grid_to_grid 4 1 1 3"
                },
                {
                    "idx": 30,
                    "action": "place_component YellowSmallCircle 3 4"
                },
                {
                    "idx": 31,
                    "action": "unlock_component ContainerBlueSquare BlueSmallSquare"
                },
                {
                    "idx": 32,
                    "action": "place_component BlueSmallSquare 4 1"
                },
                {
                    "idx": 33,
                    "action": "move_from_station ContainerBlueSquare ContainerYellowCircle"
                },
                {
                    "idx": 34,
                    "action": "move_to_station ContainerRedCircle stat1"
                },
                {
                    "idx": 35,
                    "action": "unlock_component ContainerRedCircle RedSmallCircle"
                },
                {
                    "idx": 36,
                    "action": "place_component RedSmallCircle 4 2"
                },
                {
                    "idx": 37,
                    "action": "unlock_component ContainerRedCircle RedSmallCircle"
                },
                {
                    "idx": 38,
                    "action": "place_component RedSmallCircle 2 3"
                },
                {
                    "idx": 39,
                    "action": "place_component YellowSmallCircle 2 4"
                },
                {
                    "idx": 40,
                    "action": "unlock_component ContainerRedCircle RedSmallCircle"
                },
                {
                    "idx": 41,
                    "action": "place_component RedSmallCircle 1 4"
                },
                {
                    "idx": 42,
                    "action": "movebox ContainerBlueSquare Initial"
                },
                {
                    "idx": 43,
                    "action": "move_from_station ContainerRedCircle ContainerBlueSquare"
                },
                {
                    "idx": 44,
                    "action": "movebox ContainerYellowCircle ContainerRedCircle"
                },
                {
                    "idx": 45,
                    "action": "movebox ContainerRedTriangle ContainerYellowCircle"
                },
                {
                    "idx": 46,
                    "action": "movebox ContainerGreenTriangle ContainerRedTriangle"
                },
                {
                    "idx": 47,
                    "action": "redundant_action"
                }
            ]
        },
        {
            "level_name": "config_B5_C14_P2_D1_19",
            "freeze_probe_index": 56,
            "plan": [
                {
                    "idx": 0,
                    "action": "move_to_station ContainerBlueSquare stat1"
                },
                {
                    "idx": 1,
                    "action": "unlock_component ContainerBlueSquare BlueSmallSquare"
                },
                {
                    "idx": 2,
                    "action": "place_component BlueSmallSquare 1 1"
                },
                {
                    "idx": 3,
                    "action": "unlock_component ContainerBlueSquare BlueSmallSquare"
                },
                {
                    "idx": 4,
                    "action": "place_component BlueSmallSquare 1 2"
                },
                {
                    "idx": 5,
                    "action": "unlock_component ContainerBlueSquare BlueSmallSquare"
                },
                {
                    "idx": 6,
                    "action": "place_component BlueSmallSquare 1 3"
                },
                {
                    "idx": 7,
                    "action": "move_from_station ContainerBlueSquare Middle"
                },
                {
                    "idx": 8,
                    "action": "grid_to_grid 1 3 2 1"
                },
                {
                    "idx": 9,
                    "action": "grid_to_grid 1 2 2 2"
                },
                {
                    "idx": 10,
                    "action": "grid_to_grid 1 1 2 3"
                },
                {
                    "idx": 11,
                    "action": "move_to_station ContainerRedTriangle stat1"
                },
                {
                    "idx": 12,
                    "action": "unlock_component ContainerRedTriangle RedSmallTriangle"
                },
                {
                    "idx": 13,
                    "action": "place_component RedSmallTriangle 1 1"
                },
                {
                    "idx": 14,
                    "action": "error_action"
                },
                {
                    "idx": 15,
                    "action": "grid_to_grid 2 3 1 2"
                },
                {
                    "idx": 16,
                    "action": "grid_to_grid 2 2 1 3"
                },
                {
                    "idx": 17,
                    "action": "unlock_component ContainerRedTriangle RedSmallTriangle"
                },
                {
                    "idx": 18,
                    "action": "place_component RedSmallTriangle 3 1"
                },
                {
                    "idx": 19,
                    "action": "move_from_station ContainerRedTriangle ContainerBlueSquare"
                },
                {
                    "idx": 20,
                    "action": "grid_to_grid 2 1 4 1"
                },
                {
                    "idx": 21,
                    "action": "move_to_station ContainerRedCircle stat1"
                },
                {
                    "idx": 22,
                    "action": "unlock_component ContainerRedCircle RedSmallCircle"
                },
                {
                    "idx": 23,
                    "action": "place_component RedSmallCircle 2 1"
                },
                {
                    "idx": 24,
                    "action": "unlock_component ContainerRedCircle RedSmallCircle"
                },
                {
                    "idx": 25,
                    "action": "place_component RedSmallCircle 2 2"
                },
                {
                    "idx": 26,
                    "action": "unlock_component ContainerRedCircle RedSmallCircle"
                },
                {
                    "idx": 27,
                    "action": "place_component RedSmallCircle 2 3"
                },
                {
                    "idx": 28,
                    "action": "grid_to_grid 4 1 1 4"
                },
                {
                    "idx": 29,
                    "action": "grid_to_grid 2 3 4 1"
                },
                {
                    "idx": 30,
                    "action": "move_from_station ContainerRedCircle ContainerRedTriangle"
                },
                {
                    "idx": 31,
                    "action": "move_to_station ContainerYellowCircle stat1"
                },
                {
                    "idx": 32,
                    "action": "unlock_component ContainerYellowCircle YellowSmallCircle"
                },
                {
                    "idx": 33,
                    "action": "grid_to_grid 2 2 3 2"
                },
                {
                    "idx": 34,
                    "action": "grid_to_grid 2 1 3 3"
                },
                {
                    "idx": 35,
                    "action": "place_component YellowSmallCircle 2 1"
                },
                {
                    "idx": 36,
                    "action": "unlock_component ContainerYellowCircle YellowSmallCircle"
                },
                {
                    "idx": 37,
                    "action": "place_component YellowSmallCircle 4 2"
                },
                {
                    "idx": 38,
                    "action": "grid_to_grid 3 3 4 3"
                },
                {
                    "idx": 39,
                    "action": "grid_to_grid 3 2 4 4"
                },
                {
                    "idx": 40,
                    "action": "grid_to_grid 3 1 2 2"
                },
                {
                    "idx": 41,
                    "action": "grid_to_grid 4 4 2 3"
                },
                {
                    "idx": 42,
                    "action": "grid_to_grid 4 3 2 4"
                },
                {
                    "idx": 43,
                    "action": "grid_to_grid 1 4 4 3"
                },
                {
                    "idx": 44,
                    "action": "unlock_component ContainerYellowCircle YellowSmallCircle"
                },
                {
                    "idx": 45,
                    "action": "place_component YellowSmallCircle 4 4"
                },
                {
                    "idx": 46,
                    "action": "move_from_station ContainerYellowCircle ContainerRedCircle"
                },
                {
                    "idx": 47,
                    "action": "move_to_station ContainerGreenTriangle stat1"
                },
                {
                    "idx": 48,
                    "action": "unlock_component ContainerGreenTriangle GreenSmallTriangle"
                },
                {
                    "idx": 49,
                    "action": "place_component GreenSmallTriangle 1 4"
                },
                {
                    "idx": 50,
                    "action": "unlock_component ContainerGreenTriangle GreenSmallTriangle"
                },
                {
                    "idx": 51,
                    "action": "place_component GreenSmallTriangle 3 1"
                },
                {
                    "idx": 52,
                    "action": "unlock_component ContainerGreenTriangle GreenSmallTriangle"
                },
                {
                    "idx": 53,
                    "action": "place_component GreenSmallTriangle 3 2"
                },
                {
                    "idx": 54,
                    "action": "grid_to_grid 4 4 3 3"
                },
                {
                    "idx": 55,
                    "action": "grid_to_grid 4 3 3 4"
                },
                {
                    "idx": 56,
                    "action": "move_from_station ContainerGreenTriangle Initial"
                },
                {
                    "idx": 57,
                    "action": "movebox ContainerYellowCircle ContainerGreenTriangle"
                },
                {
                    "idx": 58,
                    "action": "movebox ContainerRedCircle ContainerYellowCircle"
                },
                {
                    "idx": 59,
                    "action": "movebox ContainerRedTriangle ContainerRedCircle"
                },
                {
                    "idx": 60,
                    "action": "movebox ContainerBlueSquare ContainerRedTriangle"
                },
                {
                    "idx": 61,
                    "action": "redundant_action"
                }
            ]
        },
        {
            "level_name": "config_B5_C14_P2_D1_20",
            "freeze_probe_index": 25,
            "plan": [
                {
                    "idx": 0,
                    "action": "move_to_station ContainerGreenTriangle stat1"
                },
                {
                    "idx": 1,
                    "action": "unlock_component ContainerGreenTriangle GreenSmallTriangle"
                },
                {
                    "idx": 2,
                    "action": "place_component GreenSmallTriangle 2 1"
                },
                {
                    "idx": 3,
                    "action": "unlock_component ContainerGreenTriangle GreenSmallTriangle"
                },
                {
                    "idx": 4,
                    "action": "place_component GreenSmallTriangle 4 1"
                },
                {
                    "idx": 5,
                    "action": "unlock_component ContainerGreenTriangle GreenSmallTriangle"
                },
                {
                    "idx": 6,
                    "action": "place_component GreenSmallTriangle 4 2"
                },
                {
                    "idx": 7,
                    "action": "move_from_station ContainerGreenTriangle Middle"
                },
                {
                    "idx": 8,
                    "action": "move_to_station ContainerBlueSquare stat1"
                },
                {
                    "idx": 9,
                    "action": "unlock_component ContainerBlueSquare BlueSmallSquare"
                },
                {
                    "idx": 10,
                    "action": "place_component BlueSmallSquare 1 1"
                },
                {
                    "idx": 11,
                    "action": "unlock_component ContainerBlueSquare BlueSmallSquare"
                },
                {
                    "idx": 12,
                    "action": "place_component BlueSmallSquare 3 1"
                },
                {
                    "idx": 13,
                    "action": "unlock_component ContainerBlueSquare BlueSmallSquare"
                },
                {
                    "idx": 14,
                    "action": "place_component BlueSmallSquare 3 2"
                },
                {
                    "idx": 15,
                    "action": "move_from_station ContainerBlueSquare ContainerGreenTriangle"
                },
                {
                    "idx": 16,
                    "action": "move_to_station ContainerYellowCircle stat1"
                },
                {
                    "idx": 17,
                    "action": "unlock_component ContainerYellowCircle YellowSmallCircle"
                },
                {
                    "idx": 18,
                    "action": "grid_to_grid 4 2 2 2"
                },
                {
                    "idx": 19,
                    "action": "place_component YellowSmallCircle 4 2"
                },
                {
                    "idx": 20,
                    "action": "unlock_component ContainerYellowCircle YellowSmallCircle"
                },
                {
                    "idx": 21,
                    "action": "place_component YellowSmallCircle 4 3"
                },
                {
                    "idx": 22,
                    "action": "unlock_component ContainerYellowCircle YellowSmallCircle"
                },
                {
                    "idx": 23,
                    "action": "place_component YellowSmallCircle 4 4"
                },
                {
                    "idx": 24,
                    "action": "move_from_station ContainerYellowCircle ContainerBlueSquare"
                },
                {
                    "idx": 25,
                    "action": "move_to_station ContainerRedCircle stat1"
                },
                {
                    "idx": 26,
                    "action": "unlock_component ContainerRedCircle RedSmallCircle"
                },
                {
                    "idx": 27,
                    "action": "place_component RedSmallCircle 1 2"
                },
                {
                    "idx": 28,
                    "action": "unlock_component ContainerRedCircle RedSmallCircle"
                },
                {
                    "idx": 29,
                    "action": "place_component RedSmallCircle 1 3"
                },
                {
                    "idx": 30,
                    "action": "unlock_component ContainerRedCircle RedSmallCircle"
                },
                {
                    "idx": 31,
                    "action": "place_component RedSmallCircle 3 3"
                },
                {
                    "idx": 32,
                    "action": "error_action"
                },
                {
                    "idx": 33,
                    "action": "move_from_station ContainerRedCircle ContainerYellowCircle"
                },
                {
                    "idx": 34,
                    "action": "grid_to_grid 3 3 2 3"
                },
                {
                    "idx": 35,
                    "action": "grid_to_grid 3 2 1 4"
                },
                {
                    "idx": 36,
                    "action": "move_to_station ContainerRedTriangle stat1"
                },
                {
                    "idx": 37,
                    "action": "unlock_component ContainerRedTriangle RedSmallTriangle"
                },
                {
                    "idx": 38,
                    "action": "place_component RedSmallTriangle 3 2"
                },
                {
                    "idx": 39,
                    "action": "grid_to_grid 2 3 3 3"
                },
                {
                    "idx": 40,
                    "action": "grid_to_display GreenSmallTriangle 2 2"
                },
                {
                    "idx": 41,
                    "action": "grid_to_grid 3 3 2 2"
                },
                {
                    "idx": 42,
                    "action": "place_component GreenSmallTriangle 3 3"
                },
                {
                    "idx": 43,
                    "action": "unlock_component ContainerRedTriangle RedSmallTriangle"
                },
                {
                    "idx": 44,
                    "action": "place_component RedSmallTriangle 2 3"
                },
                {
                    "idx": 45,
                    "action": "grid_to_grid 4 4 2 4"
                },
                {
                    "idx": 46,
                    "action": "grid_to_grid 4 3 3 4"
                },
                {
                    "idx": 47,
                    "action": "move_from_station ContainerRedTriangle Initial"
                },
                {
                    "idx": 48,
                    "action": "movebox ContainerRedCircle ContainerRedTriangle"
                },
                {
                    "idx": 49,
                    "action": "movebox ContainerYellowCircle ContainerRedCircle"
                },
                {
                    "idx": 50,
                    "action": "movebox ContainerBlueSquare ContainerYellowCircle"
                },
                {
                    "idx": 51,
                    "action": "movebox ContainerGreenTriangle ContainerBlueSquare"
                },
                {
                    "idx": 52,
                    "action": "redundant_action"
                }
            ]
        }
    ]
}